1,1,1,female,38,1,0,71.2833,C,First,woman,False,C,Cherbourg,yes,False,2,0
3,1,1,female,35,1,0,53.1,S,First,woman,False,C,Southampton,yes,False,2,0
6,0,1,male,54,0,0,51.8625,S,First,man,True,E,Southampton,no,True,2,0
11,1,1,female,58,0,0,26.55,S,First,woman,False,C,Southampton,yes,True,2,0
23,1,1,male,28,0,0,35.5,S,First,man,True,A,Southampton,yes,True,2,0
27,0,1,male,19,3,2,263.0,S,First,man,True,C,Southampton,no,False,2,0
30,0,1,male,40,0,0,27.7208,C,First,man,True,C,Cherbourg,no,True,2,0
31,1,1,female,32,1,0,146.5208,C,First,woman,False,B,Cherbourg,yes,False,2,0
34,0,1,male,28,1,0,82.1708,C,First,man,True,C,Cherbourg,no,False,2,0
35,0,1,male,42,1,0,52.0,S,First,man,True,C,Southampton,no,False,2,0
52,1,1,female,49,1,0,76.7292,C,First,woman,False,D,Cherbourg,yes,False,2,0
54,0,1,male,65,0,1,61.9792,C,First,man,True,B,Cherbourg,no,False,2,0
55,1,1,male,33,0,0,35.5,S,First,man,True,C,Southampton,yes,True,2,0
61,1,1,female,38,0,0,80.0,S,First,woman,False,B,Southampton,yes,True,2,0
62,0,1,male,45,1,0,83.475,S,First,man,True,C,Southampton,no,False,2,0
64,0,1,male,33,0,0,27.7208,C,First,man,True,C,Cherbourg,no,True,2,0
83,0,1,male,28,0,0,47.1,S,First,man,True,C,Southampton,no,True,2,0
88,1,1,female,23,3,2,263.0,S,First,woman,False,C,Southampton,yes,False,2,0
92,0,1,male,46,1,0,61.175,S,First,man,True,E,Southampton,no,False,2,0
96,0,1,male,71,0,0,34.6542,C,First,man,True,A,Cherbourg,no,True,2,0
97,1,1,male,23,0,1,63.3583,C,First,man,True,D,Cherbourg,yes,False,2,0
102,0,1,male,21,0,1,77.2875,S,First,man,True,D,Southampton,no,False,2,0
110,0,1,male,47,0,0,52.0,S,First,man,True,C,Southampton,no,True,2,0
118,0,1,male,24,0,1,247.5208,C,First,man,True,B,Cherbourg,no,False,2,0
124,0,1,male,54,0,1,77.2875,S,First,man,True,D,Southampton,no,False,2,0
136,1,1,female,19,0,2,26.2833,S,First,woman,False,D,Southampton,yes,False,2,0
137,0,1,male,37,1,0,53.1,S,First,man,True,C,Southampton,no,False,2,0
139,0,1,male,24,0,0,79.2,C,First,man,True,B,Cherbourg,no,True,2,0
151,1,1,female,22,1,0,66.6,S,First,woman,False,C,Southampton,yes,False,2,0
155,0,1,male,51,0,1,61.3792,C,First,man,True,C,Cherbourg,no,False,2,0
166,1,1,female,32,0,1,55.0,S,First,woman,False,E,Southampton,yes,False,2,0
168,0,1,male,33,0,0,25.925,S,First,man,True,C,Southampton,no,True,2,0
170,0,1,male,61,0,0,33.5,S,First,man,True,B,Southampton,no,True,2,0
174,0,1,male,56,0,0,30.6958,C,First,man,True,A,Cherbourg,no,True,2,0
177,0,1,female,50,0,0,28.7125,C,First,woman,False,C,Cherbourg,no,True,2,0
185,0,1,male,33,0,0,50.0,S,First,man,True,A,Southampton,no,True,2,0
187,1,1,male,45,0,0,26.55,S,First,man,True,C,Southampton,yes,True,2,0
194,1,1,female,44,0,0,27.7208,C,First,woman,False,B,Cherbourg,yes,True,2,0
195,1,1,female,58,0,0,146.5208,C,First,woman,False,B,Cherbourg,yes,True,2,0
209,1,1,male,40,0,0,31.0,C,First,man,True,A,Cherbourg,yes,True,2,0
215,1,1,female,31,1,0,113.275,C,First,woman,False,D,Cherbourg,yes,False,2,0
218,1,1,female,32,0,0,76.2917,C,First,woman,False,D,Cherbourg,yes,True,2,0
224,1,1,male,38,1,0,90.0,S,First,man,True,C,Southampton,yes,False,2,0
230,1,1,female,35,1,0,83.475,S,First,woman,False,C,Southampton,yes,False,2,0
245,0,1,male,44,2,0,90.0,Q,First,man,True,C,Queenstown,no,False,2,0
248,1,1,male,37,1,1,52.5542,S,First,man,True,D,Southampton,yes,False,2,0
252,0,1,male,62,0,0,26.55,S,First,man,True,C,Southampton,no,True,2,0
256,1,1,female,32,0,0,79.2,C,First,woman,False,C,Cherbourg,yes,True,2,0
257,1,1,female,30,0,0,86.5,S,First,woman,False,B,Southampton,yes,True,2,0
258,1,1,female,35,0,0,512.3292,C,First,woman,False,C,Cherbourg,yes,True,2,1
262,0,1,male,52,1,1,79.65,S,First,man,True,E,Southampton,no,False,2,0
263,0,1,male,40,0,0,0.0,S,First,man,True,B,Southampton,no,True,2,0
268,1,1,female,58,0,1,153.4625,S,First,woman,False,C,Southampton,yes,False,2,0
269,1,1,female,35,0,0,135.6333,S,First,woman,False,C,Southampton,yes,True,2,0
270,0,1,male,33,0,0,31.0,S,First,man,True,C,Southampton,no,True,2,0
273,0,1,male,37,0,1,29.7,C,First,man,True,C,Cherbourg,no,False,2,0
275,1,1,female,63,1,0,77.9583,S,First,woman,False,D,Southampton,yes,False,2,0
284,0,1,male,33,0,0,26.0,S,First,man,True,A,Southampton,no,True,2,0
290,1,1,female,26,0,0,78.85,S,First,woman,False,C,Southampton,yes,True,2,0
291,1,1,female,19,1,0,91.0792,C,First,woman,False,B,Cherbourg,yes,False,2,0
295,0,1,male,33,0,0,27.7208,C,First,man,True,C,Cherbourg,no,True,2,0
297,0,1,female,2,1,2,151.55,S,First,child,False,C,Southampton,no,False,2,0
298,1,1,male,33,0,0,30.5,S,First,man,True,C,Southampton,yes,True,2,0
299,1,1,female,50,0,1,247.5208,C,First,woman,False,B,Cherbourg,yes,False,2,0
305,1,1,male,1,1,2,151.55,S,First,child,False,C,Southampton,yes,False,2,0
306,1,1,female,32,0,0,110.8833,C,First,woman,False,C,Cherbourg,yes,True,2,0
307,1,1,female,17,1,0,108.9,C,First,woman,False,C,Cherbourg,yes,False,2,0
309,1,1,female,30,0,0,56.9292,C,First,woman,False,E,Cherbourg,yes,True,2,0
310,1,1,female,24,0,0,83.1583,C,First,woman,False,C,Cherbourg,yes,True,2,0
311,1,1,female,18,2,2,262.375,C,First,woman,False,B,Cherbourg,yes,False,2,0
318,1,1,female,31,0,2,164.8667,S,First,woman,False,C,Southampton,yes,False,2,0
319,1,1,female,40,1,1,134.5,C,First,woman,False,E,Cherbourg,yes,False,2,0
325,1,1,female,36,0,0,135.6333,C,First,woman,False,C,Cherbourg,yes,True,2,0
329,1,1,female,16,0,1,57.9792,C,First,woman,False,B,Cherbourg,yes,False,2,0
331,0,1,male,46,0,0,28.5,S,First,man,True,C,Southampton,no,True,2,0
332,0,1,male,38,0,1,153.4625,S,First,man,True,C,Southampton,no,False,2,0
334,1,1,female,32,1,0,133.65,S,First,woman,False,C,Southampton,yes,False,2,0
336,0,1,male,29,1,0,66.6,S,First,man,True,C,Southampton,no,False,2,0
337,1,1,female,41,0,0,134.5,C,First,woman,False,E,Cherbourg,yes,True,2,0
339,0,1,male,45,0,0,35.5,S,First,man,True,C,Southampton,no,True,2,0
341,1,1,female,24,3,2,263.0,S,First,woman,False,C,Southampton,yes,False,2,0
351,0,1,male,33,0,0,35.0,S,First,man,True,C,Southampton,no,True,2,0
356,1,1,female,22,0,1,55.0,S,First,woman,False,E,Southampton,yes,False,2,0
366,1,1,female,60,1,0,75.25,C,First,woman,False,D,Cherbourg,yes,False,2,0
369,1,1,female,24,0,0,69.3,C,First,woman,False,B,Cherbourg,yes,True,2,0
370,1,1,male,25,1,0,55.4417,C,First,man,True,E,Cherbourg,yes,False,2,0
373,0,1,male,22,0,0,135.6333,C,First,man,True,C,Cherbourg,no,True,2,0
375,1,1,female,32,1,0,82.1708,C,First,woman,False,C,Cherbourg,yes,False,2,0
377,0,1,male,27,0,2,211.5,C,First,man,True,C,Cherbourg,no,False,2,0
380,1,1,female,42,0,0,227.525,C,First,woman,False,C,Cherbourg,yes,True,2,0
383,1,1,female,35,1,0,52.0,S,First,woman,False,C,Southampton,yes,False,2,0
390,1,1,male,36,1,2,120.0,S,First,man,True,B,Southampton,yes,False,2,0
393,1,1,female,23,1,0,113.275,C,First,woman,False,D,Cherbourg,yes,False,2,0
412,1,1,female,33,1,0,90.0,Q,First,woman,False,C,Queenstown,yes,False,2,0
430,1,1,male,28,0,0,26.55,S,First,man,True,C,Southampton,yes,True,2,0
434,0,1,male,50,1,0,55.9,S,First,man,True,E,Southampton,no,False,2,0
435,1,1,female,14,1,2,120.0,S,First,child,False,B,Southampton,yes,False,2,0
438,0,1,male,64,1,4,263.0,S,First,man,True,C,Southampton,no,False,2,0
445,1,1,male,4,0,2,81.8583,S,First,child,False,A,Southampton,yes,False,2,0
447,1,1,male,34,0,0,26.55,S,First,man,True,C,Southampton,yes,True,2,0
449,1,1,male,52,0,0,30.5,S,First,man,True,C,Southampton,yes,True,2,0
452,0,1,male,30,0,0,27.75,C,First,man,True,C,Cherbourg,no,True,2,0
453,1,1,male,49,1,0,89.1042,C,First,man,True,C,Cherbourg,yes,False,2,0
456,0,1,male,65,0,0,26.55,S,First,man,True,E,Southampton,no,True,2,0
457,1,1,female,32,1,0,51.8625,S,First,woman,False,D,Southampton,yes,False,2,0
460,1,1,male,48,0,0,26.55,S,First,man,True,E,Southampton,yes,True,2,0
462,0,1,male,47,0,0,38.5,S,First,man,True,E,Southampton,no,True,2,0
467,0,1,male,56,0,0,26.55,S,First,man,True,C,Southampton,no,True,2,0
475,0,1,male,33,0,0,52.0,S,First,man,True,A,Southampton,no,True,2,0
484,1,1,male,25,1,0,91.0792,C,First,man,True,B,Cherbourg,yes,False,2,0
486,1,1,female,35,1,0,90.0,S,First,woman,False,C,Southampton,yes,False,2,0
487,0,1,male,58,0,0,29.7,C,First,man,True,B,Cherbourg,no,True,2,0
492,0,1,male,55,0,0,30.5,S,First,man,True,C,Southampton,no,True,2,0
493,0,1,male,71,0,0,49.5042,C,First,man,True,C,Cherbourg,no,True,2,0
496,1,1,female,54,1,0,78.2667,C,First,woman,False,D,Cherbourg,yes,False,2,0
498,0,1,female,25,1,2,151.55,S,First,woman,False,C,Southampton,no,False,2,0
504,1,1,female,16,0,0,86.5,S,First,woman,False,B,Southampton,yes,True,2,0
505,0,1,male,18,1,0,108.9,C,First,man,True,C,Cherbourg,no,False,2,0
507,1,1,male,33,0,0,26.55,S,First,man,True,C,Southampton,yes,True,2,0
512,1,1,male,36,0,0,26.2875,S,First,man,True,E,Southampton,yes,True,2,0
513,1,1,female,54,1,0,59.4,C,First,woman,False,C,Cherbourg,yes,False,2,0
515,0,1,male,47,0,0,34.0208,S,First,man,True,D,Southampton,no,True,2,0
520,1,1,female,30,0,0,93.5,S,First,woman,False,B,Southampton,yes,True,2,0
523,1,1,female,44,0,1,57.9792,C,First,woman,False,B,Cherbourg,yes,False,2,0
527,0,1,male,33,0,0,221.7792,S,First,man,True,C,Southampton,no,True,2,0
536,0,1,male,45,0,0,26.55,S,First,man,True,B,Southampton,no,True,2,0
537,1,1,female,30,0,0,106.425,C,First,woman,False,C,Cherbourg,yes,True,2,0
539,1,1,female,22,0,2,49.5,C,First,woman,False,B,Cherbourg,yes,False,2,0
540,1,1,female,36,0,2,71.0,S,First,woman,False,B,Southampton,yes,False,2,0
544,0,1,male,50,1,0,106.425,C,First,man,True,C,Cherbourg,no,False,2,0
545,0,1,male,64,0,0,26.0,S,First,man,True,C,Southampton,no,True,2,0
550,1,1,male,17,0,2,110.8833,C,First,man,True,C,Cherbourg,yes,False,2,0
555,0,1,male,62,0,0,26.55,S,First,man,True,C,Southampton,no,True,2,0
556,1,1,female,48,1,0,39.6,C,First,woman,False,A,Cherbourg,yes,False,2,0
557,0,1,male,33,0,0,227.525,C,First,man,True,C,Cherbourg,no,True,2,0
558,1,1,female,39,1,1,79.65,S,First,woman,False,E,Southampton,yes,False,2,0
571,1,1,female,53,2,0,51.4792,S,First,woman,False,C,Southampton,yes,False,2,0
572,1,1,male,36,0,0,26.3875,S,First,man,True,E,Southampton,yes,True,2,0
577,1,1,female,39,1,0,55.9,S,First,woman,False,E,Southampton,yes,False,2,0
581,1,1,female,39,1,1,110.8833,C,First,woman,False,C,Cherbourg,yes,False,2,0
583,0,1,male,36,0,0,40.125,C,First,man,True,A,Cherbourg,no,True,2,0
585,1,1,female,18,0,2,79.65,S,First,woman,False,E,Southampton,yes,False,2,0
587,1,1,male,60,1,1,79.2,C,First,man,True,B,Cherbourg,yes,False,2,0
591,1,1,female,52,1,0,78.2667,C,First,woman,False,D,Cherbourg,yes,False,2,0
599,1,1,male,49,1,0,56.9292,C,First,man,True,A,Cherbourg,yes,False,2,0
602,0,1,male,33,0,0,42.4,S,First,man,True,C,Southampton,no,True,2,0
604,1,1,male,35,0,0,26.55,C,First,man,True,C,Cherbourg,yes,True,2,0
607,1,1,male,27,0,0,30.5,S,First,man,True,C,Southampton,yes,True,2,0
609,1,1,female,40,0,0,153.4625,S,First,woman,False,C,Southampton,yes,True,2,0
621,1,1,male,42,1,0,52.5542,S,First,man,True,D,Southampton,yes,False,2,0
625,0,1,male,61,0,0,32.3208,S,First,man,True,D,Southampton,no,True,2,0
627,1,1,female,21,0,0,77.9583,S,First,woman,False,D,Southampton,yes,True,2,0
630,1,1,male,80,0,0,30.0,S,First,man,True,A,Southampton,yes,True,2,0
632,1,1,male,32,0,0,30.5,C,First,man,True,B,Cherbourg,yes,True,2,0
633,0,1,male,33,0,0,0.0,S,First,man,True,C,Southampton,no,True,2,0
641,1,1,female,24,0,0,69.3,C,First,woman,False,B,Cherbourg,yes,True,2,0
645,1,1,male,48,1,0,76.7292,C,First,man,True,D,Cherbourg,yes,False,2,0
647,1,1,male,56,0,0,35.5,C,First,man,True,A,Cherbourg,yes,True,2,0
659,0,1,male,58,0,2,113.275,C,First,man,True,D,Cherbourg,no,False,2,0
660,1,1,male,50,2,0,133.65,S,First,man,True,C,Southampton,yes,False,2,0
662,0,1,male,47,0,0,25.5875,S,First,man,True,E,Southampton,no,True,2,0
669,1,1,female,32,1,0,52.0,S,First,woman,False,C,Southampton,yes,False,2,0
671,0,1,male,31,1,0,52.0,S,First,man,True,B,Southampton,no,False,2,0
679,1,1,male,36,0,1,512.3292,C,First,man,True,B,Cherbourg,yes,False,2,1
681,1,1,male,27,0,0,76.7292,C,First,man,True,D,Cherbourg,yes,True,2,0
689,1,1,female,15,0,1,211.3375,S,First,child,False,B,Southampton,yes,False,2,0
690,1,1,male,31,1,0,57.0,S,First,man,True,B,Southampton,yes,False,2,0
694,0,1,male,60,0,0,26.55,S,First,man,True,C,Southampton,no,True,2,0
698,0,1,male,49,1,1,110.8833,C,First,man,True,C,Cherbourg,no,False,2,0
700,1,1,female,18,1,0,227.525,C,First,woman,False,C,Cherbourg,yes,False,2,0
701,1,1,male,35,0,0,26.2875,S,First,man,True,E,Southampton,yes,True,2,0
707,1,1,male,42,0,0,26.2875,S,First,man,True,E,Southampton,yes,True,2,0
708,1,1,female,22,0,0,151.55,S,First,woman,False,C,Southampton,yes,True,2,0
710,1,1,female,24,0,0,49.5042,C,First,woman,False,C,Cherbourg,yes,True,2,0
711,0,1,male,33,0,0,26.55,S,First,man,True,C,Southampton,no,True,2,0
712,1,1,male,48,1,0,52.0,S,First,man,True,C,Southampton,yes,False,2,0
716,1,1,female,38,0,0,227.525,C,First,woman,False,C,Cherbourg,yes,True,2,0
724,1,1,male,27,1,0,53.1,S,First,man,True,E,Southampton,yes,False,2,0
730,1,1,female,29,0,0,211.3375,S,First,woman,False,B,Southampton,yes,True,2,0
737,1,1,male,35,0,0,512.3292,C,First,man,True,B,Cherbourg,yes,True,2,1
740,1,1,male,33,0,0,30.0,S,First,man,True,D,Southampton,yes,True,2,0
741,0,1,male,36,1,0,78.85,S,First,man,True,C,Southampton,no,False,2,0
742,1,1,female,21,2,2,262.375,C,First,woman,False,B,Cherbourg,yes,False,2,0
745,0,1,male,70,1,1,71.0,S,First,man,True,B,Southampton,no,False,2,0
748,0,1,male,19,1,0,53.1,S,First,man,True,D,Southampton,no,False,2,0
759,1,1,female,33,0,0,86.5,S,First,woman,False,B,Southampton,yes,True,2,0
763,1,1,female,36,1,2,120.0,S,First,woman,False,B,Southampton,yes,False,2,0
765,1,1,female,51,1,0,77.9583,S,First,woman,False,D,Southampton,yes,False,2,0
766,0,1,male,33,0,0,39.6,C,First,man,True,C,Cherbourg,no,True,2,0
779,1,1,female,43,0,1,211.3375,S,First,woman,False,B,Southampton,yes,False,2,0
781,1,1,female,17,1,0,57.0,S,First,woman,False,B,Southampton,yes,False,2,0
782,0,1,male,29,0,0,30.0,S,First,man,True,D,Southampton,no,True,2,0
789,0,1,male,46,0,0,79.2,C,First,man,True,B,Cherbourg,no,True,2,0
793,0,1,male,33,0,0,30.6958,C,First,man,True,C,Cherbourg,no,True,2,0
796,1,1,female,49,0,0,25.9292,S,First,woman,False,D,Southampton,yes,True,2,0
802,1,1,male,11,1,2,120.0,S,First,child,False,B,Southampton,yes,False,2,0
806,0,1,male,39,0,0,0.0,S,First,man,True,A,Southampton,no,True,2,0
809,1,1,female,33,1,0,53.1,S,First,woman,False,E,Southampton,yes,False,2,0
815,0,1,male,33,0,0,0.0,S,First,man,True,B,Southampton,no,True,2,0
820,1,1,female,52,1,1,93.5,S,First,woman,False,B,Southampton,yes,False,2,0
822,0,1,male,38,0,0,0.0,S,First,man,True,C,Southampton,no,True,2,0
829,1,1,female,62,0,0,80.0,S,First,woman,False,B,Southampton,yes,True,2,0
835,1,1,female,39,1,1,83.1583,C,First,woman,False,E,Cherbourg,yes,False,2,0
839,1,1,male,33,0,0,29.7,C,First,man,True,C,Cherbourg,yes,True,2,0
842,1,1,female,30,0,0,31.0,C,First,woman,False,C,Cherbourg,yes,True,2,0
849,1,1,female,32,1,0,89.1042,C,First,woman,False,C,Cherbourg,yes,False,2,0
853,1,1,female,16,0,1,39.4,S,First,woman,False,D,Southampton,yes,False,2,0
856,1,1,female,45,1,1,164.8667,S,First,woman,False,C,Southampton,yes,False,2,0
857,1,1,male,51,0,0,26.55,S,First,man,True,E,Southampton,yes,True,2,0
862,1,1,female,48,0,0,25.9292,S,First,woman,False,D,Southampton,yes,True,2,0
867,0,1,male,31,0,0,50.4958,S,First,man,True,A,Southampton,no,True,2,0
871,1,1,female,47,1,1,52.5542,S,First,woman,False,D,Southampton,yes,False,2,0
872,0,1,male,33,0,0,5.0,S,First,man,True,B,Southampton,no,True,2,0
879,1,1,female,56,0,1,83.1583,C,First,woman,False,C,Cherbourg,yes,False,2,0
887,1,1,female,19,0,0,30.0,S,First,woman,False,B,Southampton,yes,True,2,0
889,1,1,male,26,0,0,30.0,C,First,man,True,C,Cherbourg,yes,True,2,0
9,1,2,female,14,1,0,30.0708,C,Second,child,False,C,Cherbourg,yes,False,3,0
15,1,2,female,55,0,0,16.0,S,Second,woman,False,C,Southampton,yes,True,3,0
17,1,2,male,33,0,0,13.0,S,Second,man,True,C,Southampton,yes,True,3,0
20,0,2,male,35,0,0,26.0,S,Second,man,True,C,Southampton,no,True,3,0
21,1,2,male,34,0,0,13.0,S,Second,man,True,D,Southampton,yes,True,3,0
33,0,2,male,66,0,0,10.5,S,Second,man,True,C,Southampton,no,True,3,0
41,0,2,female,27,1,0,21.0,S,Second,woman,False,C,Southampton,no,False,3,0
43,1,2,female,3,1,2,41.5792,C,Second,child,False,C,Cherbourg,yes,False,3,0
53,1,2,female,29,1,0,26.0,S,Second,woman,False,C,Southampton,yes,False,3,0
56,1,2,female,21,0,0,10.5,S,Second,woman,False,C,Southampton,yes,True,3,0
58,1,2,female,5,1,2,27.75,S,Second,child,False,C,Southampton,yes,False,3,0
66,1,2,female,29,0,0,10.5,S,Second,woman,False,F,Southampton,yes,True,3,0
70,0,2,male,32,0,0,10.5,S,Second,man,True,C,Southampton,no,True,3,0
72,0,2,male,21,0,0,73.5,S,Second,man,True,C,Southampton,no,True,3,1
78,1,2,male,1,0,2,29.0,S,Second,child,False,C,Southampton,yes,False,3,0
84,1,2,female,17,0,0,10.5,S,Second,woman,False,C,Southampton,yes,True,3,0
98,1,2,female,34,0,1,23.0,S,Second,woman,False,C,Southampton,yes,False,3,0
99,0,2,male,34,1,0,26.0,S,Second,man,True,C,Southampton,no,False,3,0
117,0,2,male,29,1,0,21.0,S,Second,man,True,C,Southampton,no,False,3,0
120,0,2,male,21,2,0,73.5,S,Second,man,True,C,Southampton,no,False,3,1
122,0,2,male,32,1,0,30.0708,C,Second,man,True,C,Cherbourg,no,False,3,0
123,1,2,female,32,0,0,13.0,S,Second,woman,False,E,Southampton,yes,True,3,0
133,1,2,female,29,1,0,26.0,S,Second,woman,False,C,Southampton,yes,False,3,0
134,0,2,male,25,0,0,13.0,S,Second,man,True,C,Southampton,no,True,3,0
135,0,2,male,23,0,0,15.0458,C,Second,man,True,C,Cherbourg,no,True,3,0
144,0,2,male,18,0,0,11.5,S,Second,man,True,C,Southampton,no,True,3,0
145,0,2,male,19,1,1,36.75,S,Second,man,True,C,Southampton,no,False,3,0
148,0,2,male,36,0,2,26.0,S,Second,man,True,F,Southampton,no,False,3,0
149,0,2,male,42,0,0,13.0,S,Second,man,True,C,Southampton,no,True,3,0
150,0,2,male,51,0,0,12.525,S,Second,man,True,C,Southampton,no,True,3,0
161,1,2,female,40,0,0,15.75,S,Second,woman,False,C,Southampton,yes,True,3,0
178,0,2,male,30,0,0,13.0,S,Second,man,True,C,Southampton,no,True,3,0
181,0,2,male,33,0,0,15.05,C,Second,man,True,C,Cherbourg,no,True,3,0
183,1,2,male,1,2,1,39.0,S,Second,child,False,F,Southampton,yes,False,3,0
190,1,2,female,32,0,0,13.0,S,Second,woman,False,C,Southampton,yes,True,3,0
191,0,2,male,19,0,0,13.0,S,Second,man,True,C,Southampton,no,True,3,0
193,1,2,male,3,1,1,26.0,S,Second,child,False,F,Southampton,yes,False,3,0
199,0,2,female,24,0,0,13.0,S,Second,woman,False,C,Southampton,no,True,3,0
211,1,2,female,35,0,0,21.0,S,Second,woman,False,C,Southampton,yes,True,3,0
213,0,2,male,30,0,0,13.0,S,Second,man,True,C,Southampton,no,True,3,0
217,0,2,male,42,1,0,27.0,S,Second,man,True,C,Southampton,no,False,3,0
219,0,2,male,30,0,0,10.5,S,Second,man,True,C,Southampton,no,True,3,0
221,0,2,male,27,0,0,13.0,S,Second,man,True,C,Southampton,no,True,3,0
226,1,2,male,19,0,0,10.5,S,Second,man,True,C,Southampton,yes,True,3,0
228,0,2,male,18,0,0,13.0,S,Second,man,True,C,Southampton,no,True,3,0
232,0,2,male,59,0,0,13.5,S,Second,man,True,C,Southampton,no,True,3,0
234,0,2,male,24,0,0,10.5,S,Second,man,True,C,Southampton,no,True,3,0
236,0,2,male,44,1,0,26.0,S,Second,man,True,C,Southampton,no,False,3,0
237,1,2,female,8,0,2,26.25,S,Second,child,False,C,Southampton,yes,False,3,0
238,0,2,male,19,0,0,10.5,S,Second,man,True,C,Southampton,no,True,3,0
239,0,2,male,33,0,0,12.275,S,Second,man,True,C,Southampton,no,True,3,0
242,0,2,male,29,0,0,10.5,S,Second,man,True,C,Southampton,no,True,3,0
247,1,2,female,24,0,2,14.5,S,Second,woman,False,C,Southampton,yes,False,3,0
249,0,2,male,54,1,0,26.0,S,Second,man,True,C,Southampton,no,False,3,0
259,1,2,female,50,0,1,26.0,S,Second,woman,False,C,Southampton,yes,False,3,0
265,0,2,male,36,0,0,10.5,S,Second,man,True,C,Southampton,no,True,3,0
272,1,2,female,41,0,1,19.5,S,Second,woman,False,C,Southampton,yes,False,3,0
277,0,2,male,33,0,0,0.0,S,Second,man,True,C,Southampton,no,True,3,0
288,1,2,male,42,0,0,13.0,S,Second,man,True,C,Southampton,yes,True,3,0
292,0,2,male,36,0,0,12.875,C,Second,man,True,D,Cherbourg,no,True,3,0
303,1,2,female,32,0,0,12.35,Q,Second,woman,False,E,Queenstown,yes,True,3,0
308,0,2,male,30,1,0,24.0,C,Second,man,True,C,Cherbourg,no,False,3,0
312,0,2,female,26,1,1,26.0,S,Second,woman,False,C,Southampton,no,False,3,0
314,0,2,male,43,1,1,26.25,S,Second,man,True,C,Southampton,no,False,3,0
316,1,2,female,24,1,0,26.0,S,Second,woman,False,C,Southampton,yes,False,3,0
317,0,2,male,54,0,0,14.0,S,Second,man,True,C,Southampton,no,True,3,0
322,1,2,female,30,0,0,12.35,Q,Second,woman,False,C,Queenstown,yes,True,3,0
323,1,2,female,22,1,1,29.0,S,Second,woman,False,C,Southampton,yes,False,3,0
327,1,2,female,36,0,0,13.0,S,Second,woman,False,D,Southampton,yes,True,3,0
340,1,2,male,2,1,1,26.0,S,Second,child,False,F,Southampton,yes,False,3,0
342,0,2,male,28,0,0,13.0,S,Second,man,True,C,Southampton,no,True,3,0
343,0,2,male,25,0,0,13.0,S,Second,man,True,C,Southampton,no,True,3,0
344,0,2,male,36,0,0,13.0,S,Second,man,True,C,Southampton,no,True,3,0
345,1,2,female,24,0,0,13.0,S,Second,woman,False,F,Southampton,yes,True,3,0
346,1,2,female,40,0,0,13.0,S,Second,woman,False,C,Southampton,yes,True,3,0
357,0,2,female,38,0,0,13.0,S,Second,woman,False,C,Southampton,no,True,3,0
361,0,2,male,29,1,0,27.7208,C,Second,man,True,C,Cherbourg,no,False,3,0
385,0,2,male,18,0,0,73.5,S,Second,man,True,C,Southampton,no,True,3,1
387,1,2,female,36,0,0,13.0,S,Second,woman,False,C,Southampton,yes,True,3,0
389,1,2,female,17,0,0,12.0,C,Second,woman,False,C,Cherbourg,yes,True,3,0
397,0,2,male,46,0,0,26.0,S,Second,man,True,C,Southampton,no,True,3,0
398,0,2,male,23,0,0,10.5,S,Second,man,True,C,Southampton,no,True,3,0
399,1,2,female,28,0,0,12.65,S,Second,woman,False,C,Southampton,yes,True,3,0
405,0,2,male,34,1,0,21.0,S,Second,man,True,C,Southampton,no,False,3,0
407,1,2,male,3,1,1,18.75,S,Second,child,False,C,Southampton,yes,False,3,0
413,0,2,male,33,0,0,0.0,S,Second,man,True,C,Southampton,no,True,3,0
416,1,2,female,34,1,1,32.5,S,Second,woman,False,C,Southampton,yes,False,3,0
417,1,2,female,18,0,2,13.0,S,Second,woman,False,C,Southampton,yes,False,3,0
418,0,2,male,30,0,0,13.0,S,Second,man,True,C,Southampton,no,True,3,0
426,1,2,female,28,1,0,26.0,S,Second,woman,False,C,Southampton,yes,False,3,0
427,1,2,female,19,0,0,26.0,S,Second,woman,False,C,Southampton,yes,True,3,0
432,1,2,female,42,1,0,26.0,S,Second,woman,False,C,Southampton,yes,False,3,0
437,1,2,female,24,2,3,18.75,S,Second,woman,False,C,Southampton,yes,False,3,0
439,0,2,male,31,0,0,10.5,S,Second,man,True,C,Southampton,no,True,3,0
440,1,2,female,45,1,1,26.25,S,Second,woman,False,C,Southampton,yes,False,3,0
443,1,2,female,28,0,0,13.0,S,Second,woman,False,C,Southampton,yes,True,3,0
446,1,2,female,13,0,1,19.5,S,Second,child,False,C,Southampton,yes,False,3,0
450,0,2,male,36,1,2,27.75,S,Second,man,True,C,Southampton,no,False,3,0
458,1,2,female,50,0,0,10.5,S,Second,woman,False,C,Southampton,yes,True,3,0
463,0,2,male,48,0,0,13.0,S,Second,man,True,C,Southampton,no,True,3,0
466,0,2,male,33,0,0,0.0,S,Second,man,True,C,Southampton,no,True,3,0
472,1,2,female,33,1,2,27.75,S,Second,woman,False,C,Southampton,yes,False,3,0
473,1,2,female,23,0,0,13.7917,C,Second,woman,False,D,Cherbourg,yes,True,3,0
476,0,2,male,34,1,0,21.0,S,Second,man,True,C,Southampton,no,False,3,0
481,0,2,male,33,0,0,0.0,S,Second,man,True,C,Southampton,no,True,3,0
506,1,2,female,33,0,2,26.0,S,Second,woman,False,C,Southampton,yes,False,3,0
516,1,2,female,34,0,0,10.5,S,Second,woman,False,F,Southampton,yes,True,3,0
518,1,2,female,36,1,0,26.0,S,Second,woman,False,C,Southampton,yes,False,3,0
526,1,2,female,50,0,0,10.5,S,Second,woman,False,C,Southampton,yes,True,3,0
529,0,2,male,23,2,1,11.5,S,Second,man,True,C,Southampton,no,False,3,0
530,1,2,female,2,1,1,26.0,S,Second,child,False,C,Southampton,yes,False,3,0
535,1,2,female,7,0,2,26.25,S,Second,child,False,C,Southampton,yes,False,3,0
543,1,2,male,32,1,0,26.0,S,Second,man,True,C,Southampton,yes,False,3,0
546,1,2,female,19,1,0,26.0,S,Second,woman,False,C,Southampton,yes,False,3,0
547,1,2,male,33,0,0,13.8625,C,Second,man,True,C,Cherbourg,yes,True,3,0
549,1,2,male,8,1,1,36.75,S,Second,child,False,C,Southampton,yes,False,3,0
551,0,2,male,27,0,0,26.0,S,Second,man,True,C,Southampton,no,True,3,0
562,0,2,male,28,0,0,13.5,S,Second,man,True,C,Southampton,no,True,3,0
570,1,2,male,62,0,0,10.5,S,Second,man,True,C,Southampton,yes,True,3,0
576,1,2,female,34,0,0,13.0,S,Second,woman,False,C,Southampton,yes,True,3,0
580,1,2,female,25,1,1,30.0,S,Second,woman,False,C,Southampton,yes,False,3,0
582,0,2,male,54,0,0,26.0,S,Second,man,True,C,Southampton,no,True,3,0
586,0,2,male,47,0,0,15.0,S,Second,man,True,C,Southampton,no,True,3,0
594,0,2,male,37,1,0,26.0,S,Second,man,True,C,Southampton,no,False,3,0
596,1,2,female,32,0,0,33.0,S,Second,woman,False,C,Southampton,yes,True,3,0
600,1,2,female,24,2,1,27.0,S,Second,woman,False,C,Southampton,yes,False,3,0
608,1,2,female,22,1,2,41.5792,C,Second,woman,False,C,Cherbourg,yes,False,3,0
615,1,2,female,24,1,2,65.0,S,Second,woman,False,C,Southampton,yes,False,3,1
618,1,2,female,4,2,1,39.0,S,Second,child,False,F,Southampton,yes,False,3,0
619,0,2,male,26,0,0,10.5,S,Second,man,True,C,Southampton,no,True,3,0
626,0,2,male,57,0,0,12.35,Q,Second,man,True,C,Queenstown,no,True,3,0
635,1,2,female,28,0,0,13.0,S,Second,woman,False,C,Southampton,yes,True,3,0
637,0,2,male,31,1,1,26.25,S,Second,man,True,C,Southampton,no,False,3,0
651,1,2,female,18,0,1,23.0,S,Second,woman,False,C,Southampton,yes,False,3,0
655,0,2,male,24,2,0,73.5,S,Second,man,True,C,Southampton,no,False,3,1
658,0,2,male,23,0,0,13.0,S,Second,man,True,C,Southampton,no,True,3,0
665,0,2,male,32,2,0,73.5,S,Second,man,True,C,Southampton,no,False,3,1
666,0,2,male,25,0,0,13.0,S,Second,man,True,C,Southampton,no,True,3,0
670,1,2,female,40,1,1,39.0,S,Second,woman,False,C,Southampton,yes,False,3,0
672,0,2,male,70,0,0,10.5,S,Second,man,True,C,Southampton,no,True,3,0
673,1,2,male,31,0,0,13.0,S,Second,man,True,C,Southampton,yes,True,3,0
674,0,2,male,33,0,0,0.0,S,Second,man,True,C,Southampton,no,True,3,0
684,0,2,male,60,1,1,39.0,S,Second,man,True,C,Southampton,no,False,3,0
685,0,2,male,25,1,2,41.5792,C,Second,man,True,C,Cherbourg,no,False,3,0
695,0,2,male,52,0,0,13.5,S,Second,man,True,C,Southampton,no,True,3,0
705,0,2,male,39,0,0,26.0,S,Second,man,True,C,Southampton,no,True,3,0
706,1,2,female,45,0,0,13.5,S,Second,woman,False,C,Southampton,yes,True,3,0
714,0,2,male,52,0,0,13.0,S,Second,man,True,C,Southampton,no,True,3,0
717,1,2,female,27,0,0,10.5,S,Second,woman,False,E,Southampton,yes,True,3,0
720,1,2,female,6,0,1,33.0,S,Second,child,False,C,Southampton,yes,False,3,0
722,0,2,male,34,0,0,13.0,S,Second,man,True,C,Southampton,no,True,3,0
723,0,2,male,50,0,0,13.0,S,Second,man,True,C,Southampton,no,True,3,0
726,1,2,female,30,3,0,21.0,S,Second,woman,False,C,Southampton,yes,False,3,0
728,0,2,male,25,1,0,26.0,S,Second,man,True,C,Southampton,no,False,3,0
732,0,2,male,33,0,0,0.0,S,Second,man,True,C,Southampton,no,True,3,0
733,0,2,male,23,0,0,13.0,S,Second,man,True,C,Southampton,no,True,3,0
734,0,2,male,23,0,0,13.0,S,Second,man,True,C,Southampton,no,True,3,0
747,1,2,female,30,0,0,13.0,S,Second,woman,False,C,Southampton,yes,True,3,0
750,1,2,female,4,1,1,23.0,S,Second,child,False,C,Southampton,yes,False,3,0
754,1,2,female,48,1,2,65.0,S,Second,woman,False,C,Southampton,yes,False,3,1
755,1,2,male,1,1,1,14.5,S,Second,child,False,C,Southampton,yes,False,3,0
757,0,2,male,18,0,0,11.5,S,Second,man,True,C,Southampton,no,True,3,0
772,0,2,female,57,0,0,10.5,S,Second,woman,False,E,Southampton,no,True,3,0
774,1,2,female,54,1,3,23.0,S,Second,woman,False,C,Southampton,yes,False,3,0
791,0,2,male,16,0,0,26.0,S,Second,man,True,C,Southampton,no,True,3,0
795,0,2,male,39,0,0,13.0,S,Second,man,True,C,Southampton,no,True,3,0
800,0,2,male,34,0,0,13.0,S,Second,man,True,C,Southampton,no,True,3,0
801,1,2,female,31,1,1,26.25,S,Second,woman,False,C,Southampton,yes,False,3,0
808,0,2,male,39,0,0,13.0,S,Second,man,True,C,Southampton,no,True,3,0
812,0,2,male,35,0,0,10.5,S,Second,man,True,C,Southampton,no,True,3,0
817,0,2,male,31,1,1,37.0042,C,Second,man,True,C,Cherbourg,no,False,3,0
827,1,2,male,1,0,2,37.0042,C,Second,child,False,C,Cherbourg,yes,False,3,0
831,1,2,male,1,1,1,18.75,S,Second,child,False,C,Southampton,yes,False,3,0
841,0,2,male,16,0,0,10.5,S,Second,man,True,C,Southampton,no,True,3,0
848,0,2,male,28,0,1,33.0,S,Second,man,True,C,Southampton,no,False,3,0
854,0,2,female,44,1,0,26.0,S,Second,woman,False,C,Southampton,no,False,3,0
861,0,2,male,21,1,0,11.5,S,Second,man,True,C,Southampton,no,False,3,0
864,0,2,male,24,0,0,13.0,S,Second,man,True,C,Southampton,no,True,3,0
865,1,2,female,42,0,0,13.0,S,Second,woman,False,C,Southampton,yes,True,3,0
866,1,2,female,27,1,0,13.8583,C,Second,woman,False,C,Cherbourg,yes,False,3,0
874,1,2,female,28,1,0,24.0,C,Second,woman,False,C,Cherbourg,yes,False,3,0
880,1,2,female,25,0,1,26.0,S,Second,woman,False,C,Southampton,yes,False,3,0
883,0,2,male,28,0,0,10.5,S,Second,man,True,C,Southampton,no,True,3,0
886,0,2,male,27,0,0,13.0,S,Second,man,True,C,Southampton,no,True,3,0
0,0,3,male,22,1,0,7.25,S,Third,man,True,C,Southampton,no,False,1,0
2,1,3,female,26,0,0,7.925,S,Third,woman,False,C,Southampton,yes,True,1,0
4,0,3,male,35,0,0,8.05,S,Third,man,True,C,Southampton,no,True,1,0
5,0,3,male,33,0,0,8.4583,Q,Third,man,True,C,Queenstown,no,True,1,0
7,0,3,male,2,3,1,21.075,S,Third,child,False,C,Southampton,no,False,1,0
8,1,3,female,27,0,2,11.1333,S,Third,woman,False,C,Southampton,yes,False,1,0
10,1,3,female,4,1,1,16.7,S,Third,child,False,G,Southampton,yes,False,1,0
12,0,3,male,20,0,0,8.05,S,Third,man,True,C,Southampton,no,True,1,0
13,0,3,male,39,1,5,31.275,S,Third,man,True,C,Southampton,no,False,1,0
14,0,3,female,14,0,0,7.8542,S,Third,child,False,C,Southampton,no,True,1,0
16,0,3,male,2,4,1,29.125,Q,Third,child,False,C,Queenstown,no,False,1,0
18,0,3,female,31,1,0,18.0,S,Third,woman,False,C,Southampton,no,False,1,0
19,1,3,female,32,0,0,7.225,C,Third,woman,False,C,Cherbourg,yes,True,1,0
22,1,3,female,15,0,0,8.0292,Q,Third,child,False,C,Queenstown,yes,True,1,0
24,0,3,female,8,3,1,21.075,S,Third,child,False,C,Southampton,no,False,1,0
25,1,3,female,38,1,5,31.3875,S,Third,woman,False,C,Southampton,yes,False,1,0
26,0,3,male,33,0,0,7.225,C,Third,man,True,C,Cherbourg,no,True,1,0
28,1,3,female,32,0,0,7.8792,Q,Third,woman,False,C,Queenstown,yes,True,1,0
29,0,3,male,33,0,0,7.8958,S,Third,man,True,C,Southampton,no,True,1,0
32,1,3,female,32,0,0,7.75,Q,Third,woman,False,C,Queenstown,yes,True,1,0
36,1,3,male,33,0,0,7.2292,C,Third,man,True,C,Cherbourg,yes,True,1,0
37,0,3,male,21,0,0,8.05,S,Third,man,True,C,Southampton,no,True,1,0
38,0,3,female,18,2,0,18.0,S,Third,woman,False,C,Southampton,no,False,1,0
39,1,3,female,14,1,0,11.2417,C,Third,child,False,C,Cherbourg,yes,False,1,0
40,0,3,female,40,1,0,9.475,S,Third,woman,False,C,Southampton,no,False,1,0
42,0,3,male,33,0,0,7.8958,C,Third,man,True,C,Cherbourg,no,True,1,0
44,1,3,female,19,0,0,7.8792,Q,Third,woman,False,C,Queenstown,yes,True,1,0
45,0,3,male,33,0,0,8.05,S,Third,man,True,C,Southampton,no,True,1,0
46,0,3,male,33,1,0,15.5,Q,Third,man,True,C,Queenstown,no,False,1,0
47,1,3,female,32,0,0,7.75,Q,Third,woman,False,C,Queenstown,yes,True,1,0
48,0,3,male,33,2,0,21.6792,C,Third,man,True,C,Cherbourg,no,False,1,0
49,0,3,female,18,1,0,17.8,S,Third,woman,False,C,Southampton,no,False,1,0
50,0,3,male,7,4,1,39.6875,S,Third,child,False,C,Southampton,no,False,1,0
51,0,3,male,21,0,0,7.8,S,Third,man,True,C,Southampton,no,True,1,0
57,0,3,male,28,0,0,7.2292,C,Third,man,True,C,Cherbourg,no,True,1,0
59,0,3,male,11,5,2,46.9,S,Third,child,False,C,Southampton,no,False,1,0
60,0,3,male,22,0,0,7.2292,C,Third,man,True,C,Cherbourg,no,True,1,0
63,0,3,male,4,3,2,27.9,S,Third,child,False,C,Southampton,no,False,1,0
65,1,3,male,33,1,1,15.2458,C,Third,man,True,C,Cherbourg,yes,False,1,0
67,0,3,male,19,0,0,8.1583,S,Third,man,True,C,Southampton,no,True,1,0
68,1,3,female,17,4,2,7.925,S,Third,woman,False,C,Southampton,yes,False,1,0
69,0,3,male,26,2,0,8.6625,S,Third,man,True,C,Southampton,no,False,1,0
71,0,3,female,16,5,2,46.9,S,Third,woman,False,C,Southampton,no,False,1,0
73,0,3,male,26,1,0,14.4542,C,Third,man,True,C,Cherbourg,no,False,1,0
74,1,3,male,32,0,0,56.4958,S,Third,man,True,C,Southampton,yes,True,1,1
75,0,3,male,25,0,0,7.65,S,Third,man,True,F,Southampton,no,True,1,0
76,0,3,male,33,0,0,7.8958,S,Third,man,True,C,Southampton,no,True,1,0
77,0,3,male,33,0,0,8.05,S,Third,man,True,C,Southampton,no,True,1,0
79,1,3,female,30,0,0,12.475,S,Third,woman,False,C,Southampton,yes,True,1,0
80,0,3,male,22,0,0,9.0,S,Third,man,True,C,Southampton,no,True,1,0
81,1,3,male,29,0,0,9.5,S,Third,man,True,C,Southampton,yes,True,1,0
82,1,3,female,32,0,0,7.7875,Q,Third,woman,False,C,Queenstown,yes,True,1,0
85,1,3,female,33,3,0,15.85,S,Third,woman,False,C,Southampton,yes,False,1,0
86,0,3,male,16,1,3,34.375,S,Third,man,True,C,Southampton,no,False,1,0
87,0,3,male,33,0,0,8.05,S,Third,man,True,C,Southampton,no,True,1,0
89,0,3,male,24,0,0,8.05,S,Third,man,True,C,Southampton,no,True,1,0
90,0,3,male,29,0,0,8.05,S,Third,man,True,C,Southampton,no,True,1,0
91,0,3,male,20,0,0,7.8542,S,Third,man,True,C,Southampton,no,True,1,0
93,0,3,male,26,1,2,20.575,S,Third,man,True,C,Southampton,no,False,1,0
94,0,3,male,59,0,0,7.25,S,Third,man,True,C,Southampton,no,True,1,0
95,0,3,male,33,0,0,8.05,S,Third,man,True,C,Southampton,no,True,1,0
100,0,3,female,28,0,0,7.8958,S,Third,woman,False,C,Southampton,no,True,1,0
101,0,3,male,33,0,0,7.8958,S,Third,man,True,C,Southampton,no,True,1,0
103,0,3,male,33,0,0,8.6542,S,Third,man,True,C,Southampton,no,True,1,0
104,0,3,male,37,2,0,7.925,S,Third,man,True,C,Southampton,no,False,1,0
105,0,3,male,28,0,0,7.8958,S,Third,man,True,C,Southampton,no,True,1,0
106,1,3,female,21,0,0,7.65,S,Third,woman,False,C,Southampton,yes,True,1,0
107,1,3,male,33,0,0,7.775,S,Third,man,True,C,Southampton,yes,True,1,0
108,0,3,male,38,0,0,7.8958,S,Third,man,True,C,Southampton,no,True,1,0
109,1,3,female,32,1,0,24.15,Q,Third,woman,False,C,Queenstown,yes,False,1,0
111,0,3,female,14,1,0,14.4542,C,Third,child,False,C,Cherbourg,no,False,1,0
112,0,3,male,22,0,0,8.05,S,Third,man,True,C,Southampton,no,True,1,0
113,0,3,female,20,1,0,9.825,S,Third,woman,False,C,Southampton,no,False,1,0
114,0,3,female,17,0,0,14.4583,C,Third,woman,False,C,Cherbourg,no,True,1,0
115,0,3,male,21,0,0,7.925,S,Third,man,True,C,Southampton,no,True,1,0
116,0,3,male,70,0,0,7.75,Q,Third,man,True,C,Queenstown,no,True,1,0
119,0,3,female,2,4,2,31.275,S,Third,child,False,C,Southampton,no,False,1,0
121,0,3,male,33,0,0,8.05,S,Third,man,True,C,Southampton,no,True,1,0
125,1,3,male,12,1,0,11.2417,C,Third,child,False,C,Cherbourg,yes,False,1,0
126,0,3,male,33,0,0,7.75,Q,Third,man,True,C,Queenstown,no,True,1,0
127,1,3,male,24,0,0,7.1417,S,Third,man,True,C,Southampton,yes,True,1,0
128,1,3,female,32,1,1,22.3583,C,Third,woman,False,F,Cherbourg,yes,False,1,0
129,0,3,male,45,0,0,6.975,S,Third,man,True,C,Southampton,no,True,1,0
130,0,3,male,33,0,0,7.8958,C,Third,man,True,C,Cherbourg,no,True,1,0
131,0,3,male,20,0,0,7.05,S,Third,man,True,C,Southampton,no,True,1,0
132,0,3,female,47,1,0,14.5,S,Third,woman,False,C,Southampton,no,False,1,0
138,0,3,male,16,0,0,9.2167,S,Third,man,True,C,Southampton,no,True,1,0
140,0,3,female,32,0,2,15.2458,C,Third,woman,False,C,Cherbourg,no,False,1,0
141,1,3,female,22,0,0,7.75,S,Third,woman,False,C,Southampton,yes,True,1,0
142,1,3,female,24,1,0,15.85,S,Third,woman,False,C,Southampton,yes,False,1,0
143,0,3,male,19,0,0,6.75,Q,Third,man,True,C,Queenstown,no,True,1,0
146,1,3,male,27,0,0,7.7958,S,Third,man,True,C,Southampton,yes,True,1,0
147,0,3,female,9,2,2,34.375,S,Third,child,False,C,Southampton,no,False,1,0
152,0,3,male,56,0,0,8.05,S,Third,man,True,C,Southampton,no,True,1,0
153,0,3,male,40,0,2,14.5,S,Third,man,True,C,Southampton,no,False,1,0
154,0,3,male,33,0,0,7.3125,S,Third,man,True,C,Southampton,no,True,1,0
156,1,3,female,16,0,0,7.7333,Q,Third,woman,False,C,Queenstown,yes,True,1,0
157,0,3,male,30,0,0,8.05,S,Third,man,True,C,Southampton,no,True,1,0
158,0,3,male,33,0,0,8.6625,S,Third,man,True,C,Southampton,no,True,1,0
159,0,3,male,33,8,2,69.55,S,Third,man,True,C,Southampton,no,False,1,1
160,0,3,male,44,0,1,16.1,S,Third,man,True,C,Southampton,no,False,1,0
162,0,3,male,26,0,0,7.775,S,Third,man,True,C,Southampton,no,True,1,0
163,0,3,male,17,0,0,8.6625,S,Third,man,True,C,Southampton,no,True,1,0
164,0,3,male,1,4,1,39.6875,S,Third,child,False,C,Southampton,no,False,1,0
165,1,3,male,9,0,2,20.525,S,Third,child,False,C,Southampton,yes,False,1,0
167,0,3,female,45,1,4,27.9,S,Third,woman,False,C,Southampton,no,False,1,0
169,0,3,male,28,0,0,56.4958,S,Third,man,True,C,Southampton,no,True,1,1
171,0,3,male,4,4,1,29.125,Q,Third,child,False,C,Queenstown,no,False,1,0
172,1,3,female,1,1,1,11.1333,S,Third,child,False,C,Southampton,yes,False,1,0
173,0,3,male,21,0,0,7.925,S,Third,man,True,C,Southampton,no,True,1,0
175,0,3,male,18,1,1,7.8542,S,Third,man,True,C,Southampton,no,False,1,0
176,0,3,male,33,3,1,25.4667,S,Third,man,True,C,Southampton,no,False,1,0
179,0,3,male,36,0,0,0.0,S,Third,man,True,C,Southampton,no,True,1,0
180,0,3,female,32,8,2,69.55,S,Third,woman,False,C,Southampton,no,False,1,1
182,0,3,male,9,4,2,31.3875,S,Third,child,False,C,Southampton,no,False,1,0
184,1,3,female,4,0,2,22.025,S,Third,child,False,C,Southampton,yes,False,1,0
186,1,3,female,32,1,0,15.5,Q,Third,woman,False,C,Queenstown,yes,False,1,0
188,0,3,male,40,1,1,15.5,Q,Third,man,True,C,Queenstown,no,False,1,0
189,0,3,male,36,0,0,7.8958,S,Third,man,True,C,Southampton,no,True,1,0
192,1,3,female,19,1,0,7.8542,S,Third,woman,False,C,Southampton,yes,False,1,0
196,0,3,male,33,0,0,7.75,Q,Third,man,True,C,Queenstown,no,True,1,0
197,0,3,male,42,0,1,8.4042,S,Third,man,True,C,Southampton,no,False,1,0
198,1,3,female,32,0,0,7.75,Q,Third,woman,False,C,Queenstown,yes,True,1,0
200,0,3,male,28,0,0,9.5,S,Third,man,True,C,Southampton,no,True,1,0
201,0,3,male,33,8,2,69.55,S,Third,man,True,C,Southampton,no,False,1,1
202,0,3,male,34,0,0,6.4958,S,Third,man,True,C,Southampton,no,True,1,0
203,0,3,male,46,0,0,7.225,C,Third,man,True,C,Cherbourg,no,True,1,0
204,1,3,male,18,0,0,8.05,S,Third,man,True,C,Southampton,yes,True,1,0
205,0,3,female,2,0,1,10.4625,S,Third,child,False,G,Southampton,no,False,1,0
206,0,3,male,32,1,0,15.85,S,Third,man,True,C,Southampton,no,False,1,0
207,1,3,male,26,0,0,18.7875,C,Third,man,True,C,Cherbourg,yes,True,1,0
208,1,3,female,16,0,0,7.75,Q,Third,woman,False,C,Queenstown,yes,True,1,0
210,0,3,male,24,0,0,7.05,S,Third,man,True,C,Southampton,no,True,1,0
212,0,3,male,22,0,0,7.25,S,Third,man,True,C,Southampton,no,True,1,0
214,0,3,male,33,1,0,7.75,Q,Third,man,True,C,Queenstown,no,False,1,0
216,1,3,female,27,0,0,7.925,S,Third,woman,False,C,Southampton,yes,True,1,0
220,1,3,male,16,0,0,8.05,S,Third,man,True,C,Southampton,yes,True,1,0
222,0,3,male,51,0,0,8.05,S,Third,man,True,C,Southampton,no,True,1,0
223,0,3,male,33,0,0,7.8958,S,Third,man,True,C,Southampton,no,True,1,0
225,0,3,male,22,0,0,9.35,S,Third,man,True,C,Southampton,no,True,1,0
227,0,3,male,20,0,0,7.25,S,Third,man,True,C,Southampton,no,True,1,0
229,0,3,female,32,3,1,25.4667,S,Third,woman,False,C,Southampton,no,False,1,0
231,0,3,male,29,0,0,7.775,S,Third,man,True,C,Southampton,no,True,1,0
233,1,3,female,5,4,2,31.3875,S,Third,child,False,C,Southampton,yes,False,1,0
235,0,3,female,32,0,0,7.55,S,Third,woman,False,C,Southampton,no,True,1,0
240,0,3,female,32,1,0,14.4542,C,Third,woman,False,C,Cherbourg,no,False,1,0
241,1,3,female,32,1,0,15.5,Q,Third,woman,False,C,Queenstown,yes,False,1,0
243,0,3,male,22,0,0,7.125,S,Third,man,True,C,Southampton,no,True,1,0
244,0,3,male,30,0,0,7.225,C,Third,man,True,C,Cherbourg,no,True,1,0
246,0,3,female,25,0,0,7.775,S,Third,woman,False,C,Southampton,no,True,1,0
250,0,3,male,33,0,0,7.25,S,Third,man,True,C,Southampton,no,True,1,0
251,0,3,female,29,1,1,10.4625,S,Third,woman,False,G,Southampton,no,False,1,0
253,0,3,male,30,1,0,16.1,S,Third,man,True,C,Southampton,no,False,1,0
254,0,3,female,41,0,2,20.2125,S,Third,woman,False,C,Southampton,no,False,1,0
255,1,3,female,29,0,2,15.2458,C,Third,woman,False,C,Cherbourg,yes,False,1,0
260,0,3,male,33,0,0,7.75,Q,Third,man,True,C,Queenstown,no,True,1,0
261,1,3,male,3,4,2,31.3875,S,Third,child,False,C,Southampton,yes,False,1,0
264,0,3,female,32,0,0,7.75,Q,Third,woman,False,C,Queenstown,no,True,1,0
266,0,3,male,16,4,1,39.6875,S,Third,man,True,C,Southampton,no,False,1,0
267,1,3,male,25,1,0,7.775,S,Third,man,True,C,Southampton,yes,False,1,0
271,1,3,male,25,0,0,0.0,S,Third,man,True,C,Southampton,yes,True,1,0
274,1,3,female,32,0,0,7.75,Q,Third,woman,False,C,Queenstown,yes,True,1,0
276,0,3,female,45,0,0,7.75,S,Third,woman,False,C,Southampton,no,True,1,0
278,0,3,male,7,4,1,29.125,Q,Third,child,False,C,Queenstown,no,False,1,0
279,1,3,female,35,1,1,20.25,S,Third,woman,False,C,Southampton,yes,False,1,0
280,0,3,male,65,0,0,7.75,Q,Third,man,True,C,Queenstown,no,True,1,0
281,0,3,male,28,0,0,7.8542,S,Third,man,True,C,Southampton,no,True,1,0
282,0,3,male,16,0,0,9.5,S,Third,man,True,C,Southampton,no,True,1,0
283,1,3,male,19,0,0,8.05,S,Third,man,True,C,Southampton,yes,True,1,0
285,0,3,male,33,0,0,8.6625,C,Third,man,True,C,Cherbourg,no,True,1,0
286,1,3,male,30,0,0,9.5,S,Third,man,True,C,Southampton,yes,True,1,0
287,0,3,male,22,0,0,7.8958,S,Third,man,True,C,Southampton,no,True,1,0
289,1,3,female,22,0,0,7.75,Q,Third,woman,False,C,Queenstown,yes,True,1,0
293,0,3,female,24,0,0,8.85,S,Third,woman,False,C,Southampton,no,True,1,0
294,0,3,male,24,0,0,7.8958,S,Third,man,True,C,Southampton,no,True,1,0
296,0,3,male,24,0,0,7.2292,C,Third,man,True,C,Cherbourg,no,True,1,0
300,1,3,female,32,0,0,7.75,Q,Third,woman,False,C,Queenstown,yes,True,1,0
301,1,3,male,33,2,0,23.25,Q,Third,man,True,C,Queenstown,yes,False,1,0
302,0,3,male,19,0,0,0.0,S,Third,man,True,C,Southampton,no,True,1,0
304,0,3,male,33,0,0,8.05,S,Third,man,True,C,Southampton,no,True,1,0
313,0,3,male,28,0,0,7.8958,S,Third,man,True,C,Southampton,no,True,1,0
315,1,3,female,26,0,0,7.8542,S,Third,woman,False,C,Southampton,yes,True,1,0
320,0,3,male,22,0,0,7.25,S,Third,man,True,C,Southampton,no,True,1,0
321,0,3,male,27,0,0,7.8958,S,Third,man,True,C,Southampton,no,True,1,0
324,0,3,male,33,8,2,69.55,S,Third,man,True,C,Southampton,no,False,1,1
326,0,3,male,61,0,0,6.2375,S,Third,man,True,C,Southampton,no,True,1,0
328,1,3,female,31,1,1,20.525,S,Third,woman,False,C,Southampton,yes,False,1,0
330,1,3,female,32,2,0,23.25,Q,Third,woman,False,C,Queenstown,yes,False,1,0
333,0,3,male,16,2,0,18.0,S,Third,man,True,C,Southampton,no,False,1,0
335,0,3,male,33,0,0,7.8958,S,Third,man,True,C,Southampton,no,True,1,0
338,1,3,male,45,0,0,8.05,S,Third,man,True,C,Southampton,yes,True,1,0
347,1,3,female,32,1,0,16.1,S,Third,woman,False,C,Southampton,yes,False,1,0
348,1,3,male,3,1,1,15.9,S,Third,child,False,C,Southampton,yes,False,1,0
349,0,3,male,42,0,0,8.6625,S,Third,man,True,C,Southampton,no,True,1,0
350,0,3,male,23,0,0,9.225,S,Third,man,True,C,Southampton,no,True,1,0
352,0,3,male,15,1,1,7.2292,C,Third,child,False,C,Cherbourg,no,False,1,0
353,0,3,male,25,1,0,17.8,S,Third,man,True,C,Southampton,no,False,1,0
354,0,3,male,33,0,0,7.225,C,Third,man,True,C,Cherbourg,no,True,1,0
355,0,3,male,28,0,0,9.5,S,Third,man,True,C,Southampton,no,True,1,0
358,1,3,female,32,0,0,7.8792,Q,Third,woman,False,C,Queenstown,yes,True,1,0
359,1,3,female,32,0,0,7.8792,Q,Third,woman,False,C,Queenstown,yes,True,1,0
360,0,3,male,40,1,4,27.9,S,Third,man,True,C,Southampton,no,False,1,0
362,0,3,female,45,0,1,14.4542,C,Third,woman,False,C,Cherbourg,no,False,1,0
363,0,3,male,35,0,0,7.05,S,Third,man,True,C,Southampton,no,True,1,0
364,0,3,male,33,1,0,15.5,Q,Third,man,True,C,Queenstown,no,False,1,0
365,0,3,male,30,0,0,7.25,S,Third,man,True,C,Southampton,no,True,1,0
367,1,3,female,32,0,0,7.2292,C,Third,woman,False,C,Cherbourg,yes,True,1,0
368,1,3,female,32,0,0,7.75,Q,Third,woman,False,C,Queenstown,yes,True,1,0
371,0,3,male,18,1,0,6.4958,S,Third,man,True,C,Southampton,no,False,1,0
372,0,3,male,19,0,0,8.05,S,Third,man,True,C,Southampton,no,True,1,0
374,0,3,female,3,3,1,21.075,S,Third,child,False,C,Southampton,no,False,1,0
376,1,3,female,22,0,0,7.25,S,Third,woman,False,C,Southampton,yes,True,1,0
378,0,3,male,20,0,0,4.0125,C,Third,man,True,C,Cherbourg,no,True,1,0
379,0,3,male,19,0,0,7.775,S,Third,man,True,C,Southampton,no,True,1,0
381,1,3,female,1,0,2,15.7417,C,Third,child,False,C,Cherbourg,yes,False,1,0
382,0,3,male,32,0,0,7.925,S,Third,man,True,C,Southampton,no,True,1,0
384,0,3,male,33,0,0,7.8958,S,Third,man,True,C,Southampton,no,True,1,0
386,0,3,male,1,5,2,46.9,S,Third,child,False,C,Southampton,no,False,1,0
388,0,3,male,33,0,0,7.7292,Q,Third,man,True,C,Queenstown,no,True,1,0
391,1,3,male,21,0,0,7.7958,S,Third,man,True,C,Southampton,yes,True,1,0
392,0,3,male,28,2,0,7.925,S,Third,man,True,C,Southampton,no,False,1,0
394,1,3,female,24,0,2,16.7,S,Third,woman,False,G,Southampton,yes,False,1,0
395,0,3,male,22,0,0,7.7958,S,Third,man,True,C,Southampton,no,True,1,0
396,0,3,female,31,0,0,7.8542,S,Third,woman,False,C,Southampton,no,True,1,0
400,1,3,male,39,0,0,7.925,S,Third,man,True,C,Southampton,yes,True,1,0
401,0,3,male,26,0,0,8.05,S,Third,man,True,C,Southampton,no,True,1,0
402,0,3,female,21,1,0,9.825,S,Third,woman,False,C,Southampton,no,False,1,0
403,0,3,male,28,1,0,15.85,S,Third,man,True,C,Southampton,no,False,1,0
404,0,3,female,20,0,0,8.6625,S,Third,woman,False,C,Southampton,no,True,1,0
406,0,3,male,51,0,0,7.75,S,Third,man,True,C,Southampton,no,True,1,0
408,0,3,male,21,0,0,7.775,S,Third,man,True,C,Southampton,no,True,1,0
409,0,3,female,32,3,1,25.4667,S,Third,woman,False,C,Southampton,no,False,1,0
410,0,3,male,33,0,0,7.8958,S,Third,man,True,C,Southampton,no,True,1,0
411,0,3,male,33,0,0,6.8583,Q,Third,man,True,C,Queenstown,no,True,1,0
414,1,3,male,44,0,0,7.925,S,Third,man,True,C,Southampton,yes,True,1,0
415,0,3,female,32,0,0,8.05,S,Third,woman,False,C,Southampton,no,True,1,0
419,0,3,female,10,0,2,24.15,S,Third,child,False,C,Southampton,no,False,1,0
420,0,3,male,33,0,0,7.8958,C,Third,man,True,C,Cherbourg,no,True,1,0
421,0,3,male,21,0,0,7.7333,Q,Third,man,True,C,Queenstown,no,True,1,0
422,0,3,male,29,0,0,7.875,S,Third,man,True,C,Southampton,no,True,1,0
423,0,3,female,28,1,1,14.4,S,Third,woman,False,C,Southampton,no,False,1,0
424,0,3,male,18,1,1,20.2125,S,Third,man,True,C,Southampton,no,False,1,0
425,0,3,male,33,0,0,7.25,S,Third,man,True,C,Southampton,no,True,1,0
428,0,3,male,33,0,0,7.75,Q,Third,man,True,C,Queenstown,no,True,1,0
429,1,3,male,32,0,0,8.05,S,Third,man,True,E,Southampton,yes,True,1,0
431,1,3,female,32,1,0,16.1,S,Third,woman,False,C,Southampton,yes,False,1,0
433,0,3,male,17,0,0,7.125,S,Third,man,True,C,Southampton,no,True,1,0
436,0,3,female,21,2,2,34.375,S,Third,woman,False,C,Southampton,no,False,1,0
441,0,3,male,20,0,0,9.5,S,Third,man,True,C,Southampton,no,True,1,0
442,0,3,male,25,1,0,7.775,S,Third,man,True,C,Southampton,no,False,1,0
444,1,3,male,33,0,0,8.1125,S,Third,man,True,C,Southampton,yes,True,1,0
448,1,3,female,5,2,1,19.2583,C,Third,child,False,C,Cherbourg,yes,False,1,0
451,0,3,male,33,1,0,19.9667,S,Third,man,True,C,Southampton,no,False,1,0
454,0,3,male,33,0,0,8.05,S,Third,man,True,C,Southampton,no,True,1,0
455,1,3,male,29,0,0,7.8958,C,Third,man,True,C,Cherbourg,yes,True,1,0
459,0,3,male,33,0,0,7.75,Q,Third,man,True,C,Queenstown,no,True,1,0
461,0,3,male,34,0,0,8.05,S,Third,man,True,C,Southampton,no,True,1,0
464,0,3,male,33,0,0,8.05,S,Third,man,True,C,Southampton,no,True,1,0
465,0,3,male,38,0,0,7.05,S,Third,man,True,C,Southampton,no,True,1,0
468,0,3,male,33,0,0,7.725,Q,Third,man,True,C,Queenstown,no,True,1,0
469,1,3,female,1,2,1,19.2583,C,Third,child,False,C,Cherbourg,yes,False,1,0
470,0,3,male,33,0,0,7.25,S,Third,man,True,C,Southampton,no,True,1,0
471,0,3,male,38,0,0,8.6625,S,Third,man,True,C,Southampton,no,True,1,0
474,0,3,female,22,0,0,9.8375,S,Third,woman,False,C,Southampton,no,True,1,0
477,0,3,male,29,1,0,7.0458,S,Third,man,True,C,Southampton,no,False,1,0
478,0,3,male,22,0,0,7.5208,S,Third,man,True,C,Southampton,no,True,1,0
479,1,3,female,2,0,1,12.2875,S,Third,child,False,C,Southampton,yes,False,1,0
480,0,3,male,9,5,2,46.9,S,Third,child,False,C,Southampton,no,False,1,0
482,0,3,male,50,0,0,8.05,S,Third,man,True,C,Southampton,no,True,1,0
483,1,3,female,63,0,0,9.5875,S,Third,woman,False,C,Southampton,yes,True,1,0
485,0,3,female,32,3,1,25.4667,S,Third,woman,False,C,Southampton,no,False,1,0
488,0,3,male,30,0,0,8.05,S,Third,man,True,C,Southampton,no,True,1,0
489,1,3,male,9,1,1,15.9,S,Third,child,False,C,Southampton,yes,False,1,0
490,0,3,male,33,1,0,19.9667,S,Third,man,True,C,Southampton,no,False,1,0
491,0,3,male,21,0,0,7.25,S,Third,man,True,C,Southampton,no,True,1,0
494,0,3,male,21,0,0,8.05,S,Third,man,True,C,Southampton,no,True,1,0
495,0,3,male,33,0,0,14.4583,C,Third,man,True,C,Cherbourg,no,True,1,0
497,0,3,male,33,0,0,15.1,S,Third,man,True,C,Southampton,no,True,1,0
499,0,3,male,24,0,0,7.7958,S,Third,man,True,C,Southampton,no,True,1,0
500,0,3,male,17,0,0,8.6625,S,Third,man,True,C,Southampton,no,True,1,0
501,0,3,female,21,0,0,7.75,Q,Third,woman,False,C,Queenstown,no,True,1,0
502,0,3,female,32,0,0,7.6292,Q,Third,woman,False,C,Queenstown,no,True,1,0
503,0,3,female,37,0,0,9.5875,S,Third,woman,False,C,Southampton,no,True,1,0
508,0,3,male,28,0,0,22.525,S,Third,man,True,C,Southampton,no,True,1,0
509,1,3,male,26,0,0,56.4958,S,Third,man,True,C,Southampton,yes,True,1,1
510,1,3,male,29,0,0,7.75,Q,Third,man,True,C,Queenstown,yes,True,1,0
511,0,3,male,33,0,0,8.05,S,Third,man,True,C,Southampton,no,True,1,0
514,0,3,male,24,0,0,7.4958,S,Third,man,True,C,Southampton,no,True,1,0
517,0,3,male,33,0,0,24.15,Q,Third,man,True,C,Queenstown,no,True,1,0
519,0,3,male,32,0,0,7.8958,S,Third,man,True,C,Southampton,no,True,1,0
521,0,3,male,22,0,0,7.8958,S,Third,man,True,C,Southampton,no,True,1,0
522,0,3,male,33,0,0,7.225,C,Third,man,True,C,Cherbourg,no,True,1,0
524,0,3,male,33,0,0,7.2292,C,Third,man,True,C,Cherbourg,no,True,1,0
525,0,3,male,40,0,0,7.75,Q,Third,man,True,C,Queenstown,no,True,1,0
528,0,3,male,39,0,0,7.925,S,Third,man,True,C,Southampton,no,True,1,0
531,0,3,male,33,0,0,7.2292,C,Third,man,True,C,Cherbourg,no,True,1,0
532,0,3,male,17,1,1,7.2292,C,Third,man,True,C,Cherbourg,no,False,1,0
533,1,3,female,32,0,2,22.3583,C,Third,woman,False,C,Cherbourg,yes,False,1,0
534,0,3,female,30,0,0,8.6625,S,Third,woman,False,C,Southampton,no,True,1,0
538,0,3,male,33,0,0,14.5,S,Third,man,True,C,Southampton,no,True,1,0
541,0,3,female,9,4,2,31.275,S,Third,child,False,C,Southampton,no,False,1,0
542,0,3,female,11,4,2,31.275,S,Third,child,False,C,Southampton,no,False,1,0
548,0,3,male,33,1,1,20.525,S,Third,man,True,C,Southampton,no,False,1,0
552,0,3,male,33,0,0,7.8292,Q,Third,man,True,C,Queenstown,no,True,1,0
553,1,3,male,22,0,0,7.225,C,Third,man,True,C,Cherbourg,yes,True,1,0
554,1,3,female,22,0,0,7.775,S,Third,woman,False,C,Southampton,yes,True,1,0
559,1,3,female,36,1,0,17.4,S,Third,woman,False,C,Southampton,yes,False,1,0
560,0,3,male,33,0,0,7.75,Q,Third,man,True,C,Queenstown,no,True,1,0
561,0,3,male,40,0,0,7.8958,S,Third,man,True,C,Southampton,no,True,1,0
563,0,3,male,33,0,0,8.05,S,Third,man,True,C,Southampton,no,True,1,0
564,0,3,female,32,0,0,8.05,S,Third,woman,False,C,Southampton,no,True,1,0
565,0,3,male,24,2,0,24.15,S,Third,man,True,C,Southampton,no,False,1,0
566,0,3,male,19,0,0,7.8958,S,Third,man,True,C,Southampton,no,True,1,0
567,0,3,female,29,0,4,21.075,S,Third,woman,False,C,Southampton,no,False,1,0
568,0,3,male,33,0,0,7.2292,C,Third,man,True,C,Cherbourg,no,True,1,0
569,1,3,male,32,0,0,7.8542,S,Third,man,True,C,Southampton,yes,True,1,0
573,1,3,female,32,0,0,7.75,Q,Third,woman,False,C,Queenstown,yes,True,1,0
574,0,3,male,16,0,0,8.05,S,Third,man,True,C,Southampton,no,True,1,0
575,0,3,male,19,0,0,14.5,S,Third,man,True,C,Southampton,no,True,1,0
578,0,3,female,32,1,0,14.4583,C,Third,woman,False,C,Cherbourg,no,False,1,0
579,1,3,male,32,0,0,7.925,S,Third,man,True,C,Southampton,yes,True,1,0
584,0,3,male,33,0,0,8.7125,C,Third,man,True,C,Cherbourg,no,True,1,0
588,0,3,male,22,0,0,8.05,S,Third,man,True,C,Southampton,no,True,1,0
589,0,3,male,33,0,0,8.05,S,Third,man,True,C,Southampton,no,True,1,0
590,0,3,male,35,0,0,7.125,S,Third,man,True,C,Southampton,no,True,1,0
592,0,3,male,47,0,0,7.25,S,Third,man,True,C,Southampton,no,True,1,0
593,0,3,female,32,0,2,7.75,Q,Third,woman,False,C,Queenstown,no,False,1,0
595,0,3,male,36,1,1,24.15,S,Third,man,True,C,Southampton,no,False,1,0
597,0,3,male,49,0,0,0.0,S,Third,man,True,C,Southampton,no,True,1,0
598,0,3,male,33,0,0,7.225,C,Third,man,True,C,Cherbourg,no,True,1,0
601,0,3,male,33,0,0,7.8958,S,Third,man,True,C,Southampton,no,True,1,0
603,0,3,male,44,0,0,8.05,S,Third,man,True,C,Southampton,no,True,1,0
605,0,3,male,36,1,0,15.55,S,Third,man,True,C,Southampton,no,False,1,0
606,0,3,male,30,0,0,7.8958,S,Third,man,True,C,Southampton,no,True,1,0
610,0,3,female,39,1,5,31.275,S,Third,woman,False,C,Southampton,no,False,1,0
611,0,3,male,33,0,0,7.05,S,Third,man,True,C,Southampton,no,True,1,0
612,1,3,female,32,1,0,15.5,Q,Third,woman,False,C,Queenstown,yes,False,1,0
613,0,3,male,33,0,0,7.75,Q,Third,man,True,C,Queenstown,no,True,1,0
614,0,3,male,35,0,0,8.05,S,Third,man,True,C,Southampton,no,True,1,0
616,0,3,male,34,1,1,14.4,S,Third,man,True,C,Southampton,no,False,1,0
617,0,3,female,26,1,0,16.1,S,Third,woman,False,C,Southampton,no,False,1,0
620,0,3,male,27,1,0,14.4542,C,Third,man,True,C,Cherbourg,no,False,1,0
622,1,3,male,20,1,1,15.7417,C,Third,man,True,C,Cherbourg,yes,False,1,0
623,0,3,male,21,0,0,7.8542,S,Third,man,True,C,Southampton,no,True,1,0
624,0,3,male,21,0,0,16.1,S,Third,man,True,C,Southampton,no,True,1,0
628,0,3,male,26,0,0,7.8958,S,Third,man,True,C,Southampton,no,True,1,0
629,0,3,male,33,0,0,7.7333,Q,Third,man,True,C,Queenstown,no,True,1,0
631,0,3,male,51,0,0,7.0542,S,Third,man,True,C,Southampton,no,True,1,0
634,0,3,female,9,3,2,27.9,S,Third,child,False,C,Southampton,no,False,1,0
636,0,3,male,32,0,0,7.925,S,Third,man,True,C,Southampton,no,True,1,0
638,0,3,female,41,0,5,39.6875,S,Third,woman,False,C,Southampton,no,False,1,0
639,0,3,male,33,1,0,16.1,S,Third,man,True,C,Southampton,no,False,1,0
640,0,3,male,20,0,0,7.8542,S,Third,man,True,C,Southampton,no,True,1,0
642,0,3,female,2,3,2,27.9,S,Third,child,False,C,Southampton,no,False,1,0
643,1,3,male,33,0,0,56.4958,S,Third,man,True,C,Southampton,yes,True,1,1
644,1,3,female,1,2,1,19.2583,C,Third,child,False,C,Cherbourg,yes,False,1,0
646,0,3,male,19,0,0,7.8958,S,Third,man,True,C,Southampton,no,True,1,0
648,0,3,male,33,0,0,7.55,S,Third,man,True,C,Southampton,no,True,1,0
649,1,3,female,23,0,0,7.55,S,Third,woman,False,C,Southampton,yes,True,1,0
650,0,3,male,33,0,0,7.8958,S,Third,man,True,C,Southampton,no,True,1,0
652,0,3,male,21,0,0,8.4333,S,Third,man,True,C,Southampton,no,True,1,0
653,1,3,female,32,0,0,7.8292,Q,Third,woman,False,C,Queenstown,yes,True,1,0
654,0,3,female,18,0,0,6.75,Q,Third,woman,False,C,Queenstown,no,True,1,0
656,0,3,male,33,0,0,7.8958,S,Third,man,True,C,Southampton,no,True,1,0
657,0,3,female,32,1,1,15.5,Q,Third,woman,False,C,Queenstown,no,False,1,0
661,0,3,male,40,0,0,7.225,C,Third,man,True,C,Cherbourg,no,True,1,0
663,0,3,male,36,0,0,7.4958,S,Third,man,True,C,Southampton,no,True,1,0
664,1,3,male,20,1,0,7.925,S,Third,man,True,C,Southampton,yes,False,1,0
667,0,3,male,33,0,0,7.775,S,Third,man,True,C,Southampton,no,True,1,0
668,0,3,male,43,0,0,8.05,S,Third,man,True,C,Southampton,no,True,1,0
675,0,3,male,18,0,0,7.775,S,Third,man,True,C,Southampton,no,True,1,0
676,0,3,male,24,0,0,8.05,S,Third,man,True,C,Southampton,no,True,1,0
677,1,3,female,18,0,0,9.8417,S,Third,woman,False,C,Southampton,yes,True,1,0
678,0,3,female,43,1,6,46.9,S,Third,woman,False,C,Southampton,no,False,1,0
680,0,3,female,32,0,0,8.1375,Q,Third,woman,False,C,Queenstown,no,True,1,0
682,0,3,male,20,0,0,9.225,S,Third,man,True,C,Southampton,no,True,1,0
683,0,3,male,14,5,2,46.9,S,Third,child,False,C,Southampton,no,False,1,0
686,0,3,male,14,4,1,39.6875,S,Third,child,False,C,Southampton,no,False,1,0
687,0,3,male,19,0,0,10.1708,S,Third,man,True,C,Southampton,no,True,1,0
688,0,3,male,18,0,0,7.7958,S,Third,man,True,C,Southampton,no,True,1,0
691,1,3,female,4,0,1,13.4167,C,Third,child,False,C,Cherbourg,yes,False,1,0
692,1,3,male,33,0,0,56.4958,S,Third,man,True,C,Southampton,yes,True,1,1
693,0,3,male,25,0,0,7.225,C,Third,man,True,C,Cherbourg,no,True,1,0
696,0,3,male,44,0,0,8.05,S,Third,man,True,C,Southampton,no,True,1,0
697,1,3,female,32,0,0,7.7333,Q,Third,woman,False,C,Queenstown,yes,True,1,0
699,0,3,male,42,0,0,7.65,S,Third,man,True,F,Southampton,no,True,1,0
702,0,3,female,18,0,1,14.4542,C,Third,woman,False,C,Cherbourg,no,False,1,0
703,0,3,male,25,0,0,7.7417,Q,Third,man,True,C,Queenstown,no,True,1,0
704,0,3,male,26,1,0,7.8542,S,Third,man,True,C,Southampton,no,False,1,0
709,1,3,male,33,1,1,15.2458,C,Third,man,True,C,Cherbourg,yes,False,1,0
713,0,3,male,29,0,0,9.4833,S,Third,man,True,C,Southampton,no,True,1,0
715,0,3,male,19,0,0,7.65,S,Third,man,True,F,Southampton,no,True,1,0
718,0,3,male,33,0,0,15.5,Q,Third,man,True,C,Queenstown,no,True,1,0
719,0,3,male,33,0,0,7.775,S,Third,man,True,C,Southampton,no,True,1,0
721,0,3,male,17,1,0,7.0542,S,Third,man,True,C,Southampton,no,False,1,0
725,0,3,male,20,0,0,8.6625,S,Third,man,True,C,Southampton,no,True,1,0
727,1,3,female,32,0,0,7.7375,Q,Third,woman,False,C,Queenstown,yes,True,1,0
729,0,3,female,25,1,0,7.925,S,Third,woman,False,C,Southampton,no,False,1,0
731,0,3,male,11,0,0,18.7875,C,Third,child,False,C,Cherbourg,no,True,1,0
735,0,3,male,28,0,0,16.1,S,Third,man,True,C,Southampton,no,True,1,0
736,0,3,female,48,1,3,34.375,S,Third,woman,False,C,Southampton,no,False,1,0
738,0,3,male,33,0,0,7.8958,S,Third,man,True,C,Southampton,no,True,1,0
739,0,3,male,33,0,0,7.8958,S,Third,man,True,C,Southampton,no,True,1,0
743,0,3,male,24,1,0,16.1,S,Third,man,True,C,Southampton,no,False,1,0
744,1,3,male,31,0,0,7.925,S,Third,man,True,C,Southampton,yes,True,1,0
746,0,3,male,16,1,1,20.25,S,Third,man,True,C,Southampton,no,False,1,0
749,0,3,male,31,0,0,7.75,Q,Third,man,True,C,Queenstown,no,True,1,0
751,1,3,male,6,0,1,12.475,S,Third,child,False,E,Southampton,yes,False,1,0
752,0,3,male,33,0,0,9.5,S,Third,man,True,C,Southampton,no,True,1,0
753,0,3,male,23,0,0,7.8958,S,Third,man,True,C,Southampton,no,True,1,0
756,0,3,male,28,0,0,7.7958,S,Third,man,True,C,Southampton,no,True,1,0
758,0,3,male,34,0,0,8.05,S,Third,man,True,C,Southampton,no,True,1,0
760,0,3,male,33,0,0,14.5,S,Third,man,True,C,Southampton,no,True,1,0
761,0,3,male,41,0,0,7.125,S,Third,man,True,C,Southampton,no,True,1,0
762,1,3,male,20,0,0,7.2292,C,Third,man,True,C,Cherbourg,yes,True,1,0
764,0,3,male,16,0,0,7.775,S,Third,man,True,C,Southampton,no,True,1,0
767,0,3,female,30,0,0,7.75,Q,Third,woman,False,C,Queenstown,no,True,1,0
768,0,3,male,33,1,0,24.15,Q,Third,man,True,C,Queenstown,no,False,1,0
769,0,3,male,32,0,0,8.3625,S,Third,man,True,C,Southampton,no,True,1,0
770,0,3,male,24,0,0,9.5,S,Third,man,True,C,Southampton,no,True,1,0
771,0,3,male,48,0,0,7.8542,S,Third,man,True,C,Southampton,no,True,1,0
773,0,3,male,33,0,0,7.225,C,Third,man,True,C,Cherbourg,no,True,1,0
775,0,3,male,18,0,0,7.75,S,Third,man,True,C,Southampton,no,True,1,0
776,0,3,male,33,0,0,7.75,Q,Third,man,True,F,Queenstown,no,True,1,0
777,1,3,female,5,0,0,12.475,S,Third,child,False,C,Southampton,yes,True,1,0
778,0,3,male,33,0,0,7.7375,Q,Third,man,True,C,Queenstown,no,True,1,0
780,1,3,female,13,0,0,7.2292,C,Third,child,False,C,Cherbourg,yes,True,1,0
783,0,3,male,33,1,2,23.45,S,Third,man,True,C,Southampton,no,False,1,0
784,0,3,male,25,0,0,7.05,S,Third,man,True,C,Southampton,no,True,1,0
785,0,3,male,25,0,0,7.25,S,Third,man,True,C,Southampton,no,True,1,0
786,1,3,female,18,0,0,7.4958,S,Third,woman,False,C,Southampton,yes,True,1,0
787,0,3,male,8,4,1,29.125,Q,Third,child,False,C,Queenstown,no,False,1,0
788,1,3,male,1,1,2,20.575,S,Third,child,False,C,Southampton,yes,False,1,0
790,0,3,male,33,0,0,7.75,Q,Third,man,True,C,Queenstown,no,True,1,0
792,0,3,female,32,8,2,69.55,S,Third,woman,False,C,Southampton,no,False,1,1
794,0,3,male,25,0,0,7.8958,S,Third,man,True,C,Southampton,no,True,1,0
797,1,3,female,31,0,0,8.6833,S,Third,woman,False,C,Southampton,yes,True,1,0
798,0,3,male,30,0,0,7.2292,C,Third,man,True,C,Cherbourg,no,True,1,0
799,0,3,female,30,1,1,24.15,S,Third,woman,False,C,Southampton,no,False,1,0
803,1,3,male,0,0,1,8.5167,C,Third,child,False,C,Cherbourg,yes,False,1,0
804,1,3,male,27,0,0,6.975,S,Third,man,True,C,Southampton,yes,True,1,0
805,0,3,male,31,0,0,7.775,S,Third,man,True,C,Southampton,no,True,1,0
807,0,3,female,18,0,0,7.775,S,Third,woman,False,C,Southampton,no,True,1,0
810,0,3,male,26,0,0,7.8875,S,Third,man,True,C,Southampton,no,True,1,0
811,0,3,male,39,0,0,24.15,S,Third,man,True,C,Southampton,no,True,1,0
813,0,3,female,6,4,2,31.275,S,Third,child,False,C,Southampton,no,False,1,0
814,0,3,male,30,0,0,8.05,S,Third,man,True,C,Southampton,no,True,1,0
816,0,3,female,23,0,0,7.925,S,Third,woman,False,C,Southampton,no,True,1,0
818,0,3,male,43,0,0,6.45,S,Third,man,True,C,Southampton,no,True,1,0
819,0,3,male,10,3,2,27.9,S,Third,child,False,C,Southampton,no,False,1,0
821,1,3,male,27,0,0,8.6625,S,Third,man,True,C,Southampton,yes,True,1,0
823,1,3,female,27,0,1,12.475,S,Third,woman,False,E,Southampton,yes,False,1,0
824,0,3,male,2,4,1,39.6875,S,Third,child,False,C,Southampton,no,False,1,0
825,0,3,male,33,0,0,6.95,Q,Third,man,True,C,Queenstown,no,True,1,0
826,0,3,male,33,0,0,56.4958,S,Third,man,True,C,Southampton,no,True,1,1
828,1,3,male,33,0,0,7.75,Q,Third,man,True,C,Queenstown,yes,True,1,0
830,1,3,female,15,1,0,14.4542,C,Third,child,False,C,Cherbourg,yes,False,1,0
832,0,3,male,33,0,0,7.2292,C,Third,man,True,C,Cherbourg,no,True,1,0
833,0,3,male,23,0,0,7.8542,S,Third,man,True,C,Southampton,no,True,1,0
834,0,3,male,18,0,0,8.3,S,Third,man,True,C,Southampton,no,True,1,0
836,0,3,male,21,0,0,8.6625,S,Third,man,True,C,Southampton,no,True,1,0
837,0,3,male,33,0,0,8.05,S,Third,man,True,C,Southampton,no,True,1,0
838,1,3,male,32,0,0,56.4958,S,Third,man,True,C,Southampton,yes,True,1,1
840,0,3,male,20,0,0,7.925,S,Third,man,True,C,Southampton,no,True,1,0
843,0,3,male,34,0,0,6.4375,C,Third,man,True,C,Cherbourg,no,True,1,0
844,0,3,male,17,0,0,8.6625,S,Third,man,True,C,Southampton,no,True,1,0
845,0,3,male,42,0,0,7.55,S,Third,man,True,C,Southampton,no,True,1,0
846,0,3,male,33,8,2,69.55,S,Third,man,True,C,Southampton,no,False,1,1
847,0,3,male,35,0,0,7.8958,C,Third,man,True,C,Cherbourg,no,True,1,0
850,0,3,male,4,4,2,31.275,S,Third,child,False,C,Southampton,no,False,1,0
851,0,3,male,74,0,0,7.775,S,Third,man,True,C,Southampton,no,True,1,0
852,0,3,female,9,1,1,15.2458,C,Third,child,False,C,Cherbourg,no,False,1,0
855,1,3,female,18,0,1,9.35,S,Third,woman,False,C,Southampton,yes,False,1,0
858,1,3,female,24,0,3,19.2583,C,Third,woman,False,C,Cherbourg,yes,False,1,0
859,0,3,male,33,0,0,7.2292,C,Third,man,True,C,Cherbourg,no,True,1,0
860,0,3,male,41,2,0,14.1083,S,Third,man,True,C,Southampton,no,False,1,0
863,0,3,female,32,8,2,69.55,S,Third,woman,False,C,Southampton,no,False,1,1
868,0,3,male,33,0,0,9.5,S,Third,man,True,C,Southampton,no,True,1,0
869,1,3,male,4,1,1,11.1333,S,Third,child,False,C,Southampton,yes,False,1,0
870,0,3,male,26,0,0,7.8958,S,Third,man,True,C,Southampton,no,True,1,0
873,0,3,male,47,0,0,9.0,S,Third,man,True,C,Southampton,no,True,1,0
875,1,3,female,15,0,0,7.225,C,Third,child,False,C,Cherbourg,yes,True,1,0
876,0,3,male,20,0,0,9.8458,S,Third,man,True,C,Southampton,no,True,1,0
877,0,3,male,19,0,0,7.8958,S,Third,man,True,C,Southampton,no,True,1,0
878,0,3,male,33,0,0,7.8958,S,Third,man,True,C,Southampton,no,True,1,0
881,0,3,male,33,0,0,7.8958,S,Third,man,True,C,Southampton,no,True,1,0
882,0,3,female,22,0,0,10.5167,S,Third,woman,False,C,Southampton,no,True,1,0
884,0,3,male,25,0,0,7.05,S,Third,man,True,C,Southampton,no,True,1,0
885,0,3,female,39,0,5,29.125,Q,Third,woman,False,C,Queenstown,no,False,1,0
888,0,3,female,32,1,2,23.45,S,Third,woman,False,C,Southampton,no,False,1,0
890,0,3,male,32,0,0,7.75,Q,Third,man,True,C,Queenstown,no,True,1,0
